<?xml version="1.0" encoding="utf-8"?>

<!--
@name     Ocfixes|Hide Shipping Price
@author   Andrii Burkatskyi, ocmod.space@gmail.com
@version  1.0.0
@link     https://github.com/ocmod-space/mod-ocfixes
@link     https://github.com/ocmod-space/mod-ocfixes
@licence  https://github.com/ocmod-space/mod-ocfixes/blob/main/LICENSE.txt
-->

<modification>
	<name>!ocmod.space: ocfixes|hide-shipping-price</name>
	<code>ocfixes--hide-shipping-price</code>
	<version>1.0.0</version>
	<author>Andrii Burkatskyi</author>
	<link>https://www.opencart.com/index.php?route=marketplace/extension&amp;filter_member=ocmod.space</link>

	<file path="catalog/view/theme/*/template/checkout/shipping_method.twig">
		<operation error="log">
  			<search>
				<![CDATA[ - {{ quote.text }}]]>
			</search>
			<add position="replace">
				<![CDATA[]]>
			</add>
		</operation>
	</file>
</modification>
