<?xml version="1.0" encoding="utf-8"?>

<!--
@name     Ocfix|Wrong Route
@author   Andrii Burkatskyi, ocmod.space@gmail.com
@version  1.0.0
@link     https://www.opencart.com/index.php?route=marketplace/extension&filter_member=ocmod.space
@link     https://github.com/ocmod-space/ocmod-ocfix
@licence  https://raw.githubusercontent.com/ocmod-space/ocmod-fix/main/LICENSE.txt
-->

<modification>
	<name>!ocmod.space: ocfix|wrong-route</name>
	<code>ocfix--wrong-route</code>
	<version>1.0.0</version>
	<author>Andrii Burkatskyi</author>
	<link>https://www.opencart.com/index.php?route=marketplace/extension&amp;filter_member=ocmod.space</link>

	<file path="system/engine/action.php">
		<operation error="log">
  			<search>
				<![CDATA[$file = DIR_APPLICATION . 'controller/' . $this->route . '.php';]]>
			</search>
			<add position="before">
				<![CDATA[
		if (!$this->route) {
			return new \Exception('Error: Could not call ' . $this->route . '/' . $this->method . '!');
		}]]>
			</add>
		</operation>
	</file>
</modification>
