<?xml version="1.0" encoding="utf-8"?>

<!--
@name     Ocfix|File Cache
@author   Andrii Burkatskyi, ocmod.space@gmail.com
@version  1.0.0
@link     https://www.opencart.com/index.php?route=marketplace/extension&filter_member=ocmod.space
@link     https://github.com/ocmod-space/ocmod-ocfix
@licence  https://raw.githubusercontent.com/ocmod-space/ocmod-fix/main/LICENSE.txt
-->

<modification>
	<name>!ocmod.space: ocfix|file-cache</name>
	<code>ocfix--file-cache</code>
	<version>1.0.0</version>
	<author>Andrii Burkatskyi</author>
	<link>https://www.opencart.com/index.php?route=marketplace/extension&amp;filter_member=ocmod.space</link>

	<file path="system/library/cache/file.php">
		<operation error="log">
			<search><![CDATA[private $expire;]]></search>
			<add position="replace"><![CDATA[private int $expire;]]></add>
		</operation>

		<operation error="log">
  			<search><![CDATA[public function __construct($expire = 3600)]]></search>
			<add position="replace">
				<![CDATA[/// << ocfix|file-cache
	public function __construct(int $expire = 3600) {
		$this->expire = $expire;
	}
	/// >> ocfix|file-cache

	public function __construct_old($expire = 3600)]]>
			</add>
		</operation>

		<operation error="log">
			<search><![CDATA[public function get($key)]]></search>
			<add position="replace">
				<![CDATA[/// << ocfix|file-cache
	public function get(string $key) {
		$files = glob(DIR_CACHE . 'cache.' . preg_replace('/[^A-Z0-9\._-]/i', '', $key) . '.*');

		if ($files) {
			return json_decode(file_get_contents($files[0]), true);
		} else {
			return [];
		}
	}
	/// >> ocfix|file-cache

	public function get_old($key)]]></add>
		</operation>

		<operation error="log">
			<search>
				<![CDATA[public function set($key, $value)]]>
			</search>
			<add position="replace">
				<![CDATA[/// << ocfix|file-cache
	public function set(string $key, $value, int $expire = 0) {
		$this->delete($key);

		if (!$expire) {
			$expire = $this->expire;
		}

		file_put_contents(DIR_CACHE . 'cache.' . preg_replace('/[^A-Z0-9\._-]/i', '', $key) . '.' . (time() + $expire), json_encode($value));
	}
	/// >> ocfix|file-cache

	public function set_old($key, $value)]]></add>
		</operation>

		<operation error="log">
			<search><![CDATA[public function delete($key)]]></search>
			<add position="replace">
				<![CDATA[/// << ocfix|file-cache
	public function delete(string $key) {
		$files = glob(DIR_CACHE . 'cache.' . preg_replace('/[^A-Z0-9\._-]/i', '', $key) . '.*');

		if ($files) {
			foreach ($files as $file) {
				if (!@unlink($file)) {
					clearstatcache(false, $file);
				}
			}
		}
	}

	/**
	 * Destructor
	 */
	public function __destruct() {
		$files = glob(DIR_CACHE . 'cache.*');

		if ($files && rand(1, 100) == 1) {
			foreach ($files as $file) {
				$time = substr(strrchr($file, '.'), 1);

				if ($time < time()) {
					if (!@unlink($file)) {
						clearstatcache(false, $file);
					}
				}
			}
		}
	}
	/// >> ocfix|file-cache

	public function delete_old($key)]]></add>
		</operation>
	</file>
</modification>
