<?xml version="1.0" encoding="utf-8"?>

<!--
@name     Ocfix|File Cache
@author   Andrii Burkatskyi, ocmod.space@gmail.com
@version  1.0.0
@link     https://github.com/ocmod-space/ocmod-ocfix
@link     https://github.com/ocmod-space/ocmod-ocfix
@licence  https://github.com/ocmod-space/ocmod-ocfix/blob/main/LICENSE.txt
-->

<modification>
	<name>!ocmod.space: ocfix|file-cache</name>
	<code>ocfix--file-cache</code>
	<version>1.0.0</version>
	<author>Andrii Burkatskyi</author>
	<link>https://github.com/ocmod-space/ocmod-ocfix</link>

	<file path="system/library/cache/file.php">
		<operation error="log">
			<search><![CDATA[private $expire;]]></search>
			<add position="replace"><![CDATA[private int $expire;]]></add>
		</operation>

		<operation error="log">
  			<search><![CDATA[if (file_exists($file))]]></search>
			<add position="before">
				<![CDATA[
					if (!file_exists($file)) clearstatcache(false, $file);  /// ocfix|file-cache]]>
			</add>
		</operation>
	</file>
</modification>
