<?xml version="1.0" encoding="utf-8"?>

<!--
@name     aux/currency_format
@author   Andrii Burkatskyi, ocmod.space@gmail.com
@version  1.0.0
@link     https://github.com/ocmod-space/ocmod-aux
@link     https://github.com/ocmod-space/ocmod-aux
@licence  https://github.com/ocmod-space/ocmod-aux/blob/main/LICENSE.txt
-->

<modification>
	<name>!/ocmod.space/aux/currency_format</name>
	<code>aux--currency-format</code>
	<version>1.0.0</version>
	<author>Andrii Burkatskyi</author>
	<link>https://www.opencart.com/index.php?route=marketplace/extension&amp;filter_member=ocmod.space</link>

	<file path="system/library/cart/currency.php">
		<operation error="log">
  			<search>
				<![CDATA[public function format]]>
			</search>
			<add position="after">
				<![CDATA[
		/// <<< /ocmod.space/aux/currency_format
		if (!isset($this->currencies[$currency])) {
			return '';
		}
		/// >>> /ocmod.space/aux/currency_format]]>
			</add>
		</operation>
	</file>
</modification>
