<?xml version="1.0" encoding="utf-8"?>

<!--
@name     OpenCart
@package  Aux|Hide Manufacturer
@author   Andrii Burkatskyi, ocmod.space@gmail.com
@version  1.0.0
@link     https://github.com/ocmod-space/ocmod-aux
@link     https://www.opencart.com/index.php?route=marketplace/extension&amp;filter_member=ocmod.space
@link     https://github.com/ocmod-space/ocmod-aux
@licence  https://github.com/ocmod-space/ocmod-aux/blob/main/LICENSE.txt
-->

<modification>
    <name>/ocmod.space/aux/hide_manufacturer</name>
    <code>aux--hide-manufacturer</code>
    <version>1.0.0</version>
    <author>Andrii Burkatskyi</author>
    <link>https://www.opencart.com/index.php?route=marketplace/extension&amp;filter_member=ocmod.space</link>

    <file path="catalog/view/theme/*/template/product/product.twig">
        <operation error="log" info="">
            <search info=""><![CDATA[% if manufacturer %}]]></search>
            <add position="replace"><![CDATA[% if 0 and manufacturer %}]]>
            </add>
        </operation>
    </file>

    <file path="catalog/view/theme/*/template/product/compare.twig">
        <operation error="log" info="">
            <search info=""><![CDATA[{{ text_manufacturer }}]]></search>
            <add position="before"><![CDATA[            {# <<< /ocmod.space/aux/hide_manufacturer]]>
            </add>
        </operation>

        <operation error="log" info="">
            <search info=""><![CDATA[{{ text_manufacturer }}]]></search>
            <add position="after"><![CDATA[            >>> /ocmod.space/aux/hide_manufacturer #}]]>
            </add>
        </operation>

        <operation error="log" info="">
            <search info=""><![CDATA[{{ product.manufacturer }}]]></search>
            <add position="before"><![CDATA[            {# <<< /ocmod.space/aux/hide_manufacturer]]>
            </add>
        </operation>

        <operation error="log" info="">
            <search info=""><![CDATA[{{ product.manufacturer }}]]></search>
            <add position="after"><![CDATA[            >>> /ocmod.space/aux/hide_manufacturer #}]]>
            </add>
        </operation>
    </file>

    <file path="catalog/view/theme/*/template/common/footer.twig">
        <operation error="log" info="">
            <search info=""><![CDATA[{{ manufacturer }}]]></search>
            <add position="before"><![CDATA[          {# <<< /ocmod.space/aux/hide_manufacturer]]>
            </add>
        </operation>

        <operation error="log" info="">
            <search info=""><![CDATA[{{ manufacturer }}]]></search>
            <add position="after"><![CDATA[          >>> /ocmod.space/aux/hide_manufacturer #}]]>
            </add>
        </operation>
    </file>
</modification>
