<?xml version="1.0" encoding="utf-8"?>

<!--
@name     Oc Fixes|File Cache
@author   Andrii Burkatskyi, ocmod.space@gmail.com
@version  1.0.0
@link     https://github.com/ocmod-space/ocmod-oc-fixes
@link     https://github.com/ocmod-space/ocmod-oc-fixes
@licence  https://github.com/ocmod-space/ocmod-oc-fixes/blob/main/LICENSE.txt
-->

<modification>
	<name>!ocmod.space: oc-fixes|file-cache</name>
	<code>oc-fixes--file-cache</code>
	<version>1.0.0</version>
	<author>Andrii Burkatskyi</author>
	<link>https://www.opencart.com/index.php?route=marketplace/extension&amp;filter_member=ocmod.space</link>

	<file path="system/library/cache/file.php">
		<operation error="log">
			<search><![CDATA[private $expire;]]></search>
			<add position="replace"><![CDATA[private int $expire;]]></add>
		</operation>

		<operation error="log">
			<search><![CDATA[if (file_exists($file))]]></search>
			<add position="before">
				<![CDATA[
					if (!file_exists($file)) clearstatcache(false, $file);  /// oc-fixes|file-cache]]>
			</add>
		</operation>
		<operation error="log">
			<search><![CDATA[$handle = fopen($files[0], 'r');]]></search>
			<add position="before">
				<![CDATA[			if (!file_exists($files[0])) clearstatcache(false, $files[0]);  /// oc-fixes|file-cache]]>
			</add>
		</operation>
	</file>
</modification>
