<?xml version="1.0" encoding="utf-8"?>

<!--
@name     OpenCart
@package  Aux|Autofill Meta Tag
@author   Andrii Burkatskyi, ocmod.space@gmail.com
@version  1.0.0
@link     https://github.com/ocmod-space/ocmod-aux
@link     https://www.opencart.com/index.php?route=marketplace/extension&amp;filter_member=ocmod.space
@link     https://github.com/ocmod-space/ocmod-aux
@licence  https://github.com/ocmod-space/ocmod-aux/blob/main/LICENSE.txt
-->

<modification>
    <name>/ocmod.space/aux/autofill_meta_tag</name>
    <code>aux--autofill-meta-tag</code>
    <version>1.0.0</version>
    <author>Andrii Burkatskyi</author>
    <link>https://www.opencart.com/index.php?route=marketplace/extension&amp;filter_member=ocmod.space</link>

    <file path="admin/view/template/catalog/{product_form,category_form,information_form,manufacturer_form}.twig">
        <operation error="log" info="3.x">
            <search info=""><![CDATA[{{ footer }} ]]></search>
            <add position="before"><![CDATA[
<script type="text/javascript"><!--

{% for language in languages %}
    {% if language.status %}

        $('input[id="input-name' + String('{{language.language_id }}') + '"]').on('input paste', function() {
            let input_val = $(this).val();

            $('input[id="input-meta-title' + String('{{language.language_id }}') + '"]').val(input_val);
        })

    {% endif %}
{% endfor %}

</script>]]>
            </add>
        </operation>
    </file>

</modification>
