<?xml version="1.0" encoding="UTF-8"?>

<!--
@name     OpenCart
@package  Aux|Hide Disabled Languages
@author   Andrii Burkatskyi, ocmod.space@gmail.com
@version  1.0.0
@link     https://github.com/ocmod-space/ocmod-aux
@link     https://www.opencart.com/index.php?route=marketplace/extension&amp;filter_member=ocmod.space
@link     https://github.com/ocmod-space/ocmod-aux
@licence  https://github.com/ocmod-space/ocmod-aux/blob/main/LICENSE.txt
-->

<modification>
	<name>!/ocmod.space/aux/hide_disabled_languages</name>
	<code>aux--hide-disabled-languages</code>
	<version>1.0.0</version>
	<author>Andrii Burkatskyi</author>
	<link>https://www.opencart.com/index.php?route=marketplace/extension&amp;filter_member=ocmod.space</link>

    <file path="admin/model/localisation/language.php">
    	<operation>
			<search>
				<![CDATA[public function getLanguages($data = array()) {]]>
			</search>
			<add position="after" trim="true">
				<![CDATA[
		/// <<< /ocmod.space/aux/hide_disabled_languages
		if (!empty( $this->request->get['route']) && ($this->request->get['route'] == 'localisation/language')) {
			$status = '';
		} else {
			$status = ' WHERE status = 1';
		}

		$this->cache->delete('admin.language');
		/// >>> /ocmod.space/aux/hide_disabled_languages]]>
			</add>
		</operation>
        <operation>
			<search>
				<![CDATA[SELECT * FROM " . DB_PREFIX . "language";]]>
			</search>
			<add position="replace" trim="true">
				<![CDATA[SELECT * FROM " . DB_PREFIX . "language" . $status;]]>
			</add>
		</operation>

		<operation>
			<search>
				<![CDATA[$query = $this->db->query("SELECT * FROM " . DB_PREFIX . "language ORDER BY sort_order, name");]]>
			</search>
			<add position="replace">
				<![CDATA[
				/// <<< /ocmod.space/aux/hide_disabled_languages
				if (!empty( $this->request->get['route']) && ($this->request->get['route'] == 'localisation/language') ) {
					$status = '';
				} else {
					$status = ' status = 1';
				}
				/// >>> /ocmod.space/aux/hide_disabled_languages

				$query = $this->db->query("SELECT * FROM " . DB_PREFIX . "language WHERE" . $status . " ORDER BY sort_order, name"); /// /ocmod.space/aux/hide_disabled_languages]]>
			</add>
		</operation>
	</file>
</modification>
