<?xml version="1.0" encoding="utf-8"?>

<!--
@name     OpenCart
@package  Aux|Hide Shipping Prices
@author   Andrii Burkatskyi, ocmod.space@gmail.com
@version  1.0.0
@link     https://github.com/ocmod-space/ocmod-aux
@link     https://www.opencart.com/index.php?route=marketplace/extension&amp;filter_member=ocmod.space
@link     https://github.com/ocmod-space/ocmod-aux
@licence  https://github.com/ocmod-space/ocmod-aux/blob/main/LICENSE.txt
-->

<modification>
	<name>!/ocmod.space/aux/hide_shipping_prices</name>
	<code>aux--hide-shipping-prices</code>
	<version>1.0.0</version>
	<author>Andrii Burkatskyi</author>
	<link>https://www.opencart.com/index.php?route=marketplace/extension&amp;filter_member=ocmod.space</link>

	<file path="catalog/view/theme/*/template/checkout/shipping_method.twig">
		<operation error="log">
  			<search>
				<![CDATA[ - {{ quote.text }}]]>
			</search>
			<add position="replace">
				<![CDATA[]]>
			</add>
		</operation>
	</file>
</modification>
