<?xml version="1.0" encoding="utf-8"?>

<!--
@name     Ocfix|Dir Access
@author   Andrii Burkatskyi, ocmod.space@gmail.com
@version  1.0.0
@link     https://www.opencart.com/index.php?route=marketplace/extension&filter_member=ocmod.space
@link     https://github.com/ocmod-space/ocmod-fix
@licence  https://raw.githubusercontent.com/ocmod-space/ocmod-fix/main/LICENSE.txt
-->

<modification>
	<name>!ocmod.space: ocfix|dir-access</name>
	<code>ocfix--dir-access</code>
	<version>1.0.0</version>
	<author>Andrii Burkatskyi</author>
	<link>https://www.opencart.com/index.php?route=marketplace/extension&amp;filter_member=ocmod.space</link>

	<file path="admin/controller/marketplace/install.php">
		<operation error="log">
  			<search>
				<![CDATA[if ($safe) {]]>
			</search>
			<add position="before">
				<![CDATA[					$safe = true;]]>
			</add>
		</operation>
		<operation error="log">
			<search>
				<![CDATA[if (is_dir($file) && !is_dir($path)) {]]>
			</search>
			<add position="before">
				<![CDATA[						if ($path == '') {
							$d = explode('/', DIR_APPLICATION);
							unset($d[count($d) - 2]);
							$d = implode('/', $d);
							$path = $d . $destination;
						}]]>
			</add>
		</operation>
	</file>
</modification>
