<?xml version="1.0" encoding="UTF-8"?>

<!--
@name     Ocfix|Twig
@author   Andrii Burkatskyi, ocmod.space@gmail.com
@version  1.0.0
@link     https://github.com/ocmod-space/ocmod-ocfix
@link     https://github.com/ocmod-space/ocmod-ocfix
@licence  https://github.com/ocmod-space/ocmod-ocfix/blob/main/LICENSE.txt
-->

<modification>
	<name>!ocmod.space: ocfix|twig</name>
	<code>ocfix--twig</code>
	<version>1.0.0</version>
	<author>Andrii Burkatskyi</author>
	<link>https://github.com/ocmod-space/ocmod-ocfix</link>

	<file path="system/library/template/twig.php" error="skip">
		<operation error="log">
			<search><![CDATA[
				$loader = new \Twig\Loader\ArrayLoader(array($filename . '.twig' => $code));]]></search>
			<add position="replace"><![CDATA[
			/// << ocfix|twig
			if (VERSION == '3.0.3.5' || VERSION == '3.0.3.6') {
				$loader_array = new \Twig_Loader_Array(array($filename . '.twig' => $code));
				$loader_filesystem = new \Twig_Loader_Filesystem(DIR_TEMPLATE);
				$loader = new \Twig\Loader\ChainLoader(array($loader_array, $loader_filesystem));
			} elseif (VERSION == '3.0.3.7' || VERSION == '3.0.3.8' || VERSION == '3.0.3.9') {
				$loader_array = new \Twig\Loader\ArrayLoader(array($filename . '.twig' => $code));
				$loader_filesystem = new \Twig\Loader\FilesystemLoader(DIR_TEMPLATE);
				$loader = new \Twig\Loader\ChainLoader(array($loader_array, $loader_filesystem));
			} else {
				$loader = new \Twig\Loader\ArrayLoader(array($filename . '.twig' => $code));
			}
			/// >> ocfix|twig]]></add>
		</operation>
	</file>

</modification>
