<?xml version="1.0" encoding="UTF-8"?>

<!--
@name     Ocfix|Twig
@author   Andrii Burkatskyi, ocmod.space@gmail.com
@version  1.0.0
@link     https://www.opencart.com/index.php?route=marketplace/extension&filter_member=ocmod.space
@link     https://github.com/ocmod-space/ocmod-fix
@licence  https://raw.githubusercontent.com/ocmod-space/ocmod-fix/main/LICENSE.txt
-->

<modification>
	<name>!ocmod.space: ocfix|twig</name>
	<code>ocfix--twig</code>
	<version>1.0.0</version>
	<author>Andrii Burkatskyi</author>
	<link>https://www.opencart.com/index.php?route=marketplace/extension&amp;filter_member=ocmod.space</link>

	<file path="admin/controller/marketplace/modification.php" error="skip">
		<operation error="log">
			<search>
				<![CDATA[$xml[] = file_get_contents(DIR_SYSTEM . 'modification.xml');]]>
			</search>
			<add position="before"><![CDATA[
				/// <<< Fix TWIG
				if (VERSION === '3.0.3.5' || VERSION === '3.0.3.6') {
					$xml[] = file_get_contents(DIR_SYSTEM.'modification_fixed.xml');
				} else
				/// Fix TWIG >>>
			]]></add>
		</operation>
	</file>

	<file path="system/library/template/twig.php" error="skip">
		<operation error="log">
			<search><![CDATA[
				$loader = new \Twig\Loader\ArrayLoader(array($filename . '.twig' => $code));
			]]></search>
			<add position="before"><![CDATA[
				/// <<< Fix TWIG
				if (VERSION === '3.0.3.5' || VERSION === '3.0.3.6') {
					$loader_array = new \Twig_Loader_Array(array($filename . '.twig' => $code));
					$loader_filesystem = new \Twig_Loader_Filesystem(DIR_TEMPLATE);
					$loader = new \Twig\Loader\ChainLoader(array($loader_array, $loader_filesystem));
				} else
				/// Fix TWIG >>>
			]]></add>
		</operation>
	</file>

</modification>
