<?xml version="1.0" encoding="utf-8"?>

<!--
@name     OpenCart
@package  Aux|Hide Availability
@author   Andrii Burkatskyi, ocmod.space@gmail.com
@version  1.0.0
@link     https://github.com/ocmod-space/ocmod-aux
@link     https://www.opencart.com/index.php?route=marketplace/extension&amp;filter_member=ocmod.space
@link     https://github.com/ocmod-space/ocmod-aux
@licence  https://github.com/ocmod-space/ocmod-aux/blob/main/LICENSE.txt
-->

<modification>
    <name>/ocmod.space/aux/hide_availability</name>
    <code>aux--hide-availability</code>
    <version>1.0.0</version>
    <author>Andrii Burkatskyi</author>
    <link>https://www.opencart.com/index.php?route=marketplace/extension&amp;filter_member=ocmod.space</link>

    <file path="catalog/view/theme/*/template/product/product.twig">
        <operation error="log" info="">
            <search info=""><![CDATA[{{ text_stock }}]]></search>
            <add position="before"><![CDATA[            {# <<< /ocmod.space/aux/hide_availability]]>
            </add>
        </operation>

        <operation error="log" info="">
            <search info=""><![CDATA[{{ text_stock }}]]></search>
            <add position="after"><![CDATA[            >>> /ocmod.space/aux/hide_availability #}]]>
            </add>
        </operation>
    </file>

    <file path="catalog/view/theme/*/template/product/compare.twig">
        <operation error="log" info="">
            <search info=""><![CDATA[{{ text_availability }}]]></search>
            <add position="before"><![CDATA[            {# <<< /ocmod.space/aux/hide_availability]]>
            </add>
        </operation>

        <operation error="log" info="">
            <search info=""><![CDATA[{{ text_availability }}]]></search>
            <add position="after"><![CDATA[            >>> /ocmod.space/aux/hide_availability #}]]>
            </add>
        </operation>

        <operation error="log" info="">
            <search info=""><![CDATA[{{ product.availability }}]]></search>
            <add position="before"><![CDATA[            {# <<< /ocmod.space/aux/hide_availability]]>
            </add>
        </operation>

        <operation error="log" info="">
            <search info=""><![CDATA[{{ product.availability }}]]></search>
            <add position="after"><![CDATA[            >>> /ocmod.space/aux/hide_availability #}]]>
            </add>
        </operation>
    </file>
</modification>
