<?xml version="1.0" encoding="utf-8"?>

<!--
@name     Journal On 3.0.3.9
@author   Andrii Burkatskyi, ocmod.space@gmail.com
@version  1.0.0
@link     https://www.opencart.com/index.php?route=marketplace/extension&amp;filter_member=ocmod.space
@link     https://github.com/ocmod-space
@licence  MIT License
-->

<modification>
    <name>!ocmod.space: journal-on-3.0.3.9</name>
    <code>vitaminespray.nl--journal-on-3.0.3.9</code>
    <version>1.0.0</version>
    <author>Andrii Burkatskyi</author>
    <link>https://www.opencart.com/index.php?route=marketplace/extension&amp;filter_member=ocmod.space</link>

    <file path="admin/model/journal3/journal3.php|catalog/controller/journal3/product_tabs.php|catalog/model/journal3/checkout.php|catalog/model/journal3/layout.php|system/library/journal3/utils/str.php">
        <operation error="log">
            <search>
                <![CDATA['3.0.3.9', '>=']]>
            </search>
            <add position="replace">
                <![CDATA['3.0.3.9', '>']]>
            </add>
        </operation>
    </file>

</modification>
