<?xml version="1.0" encoding="utf-8"?>

<!--
@name     Ocfix|Skip Vendor
@author   Andrii Burkatskyi, ocmod.space@gmail.com
@version  1.0.0
@link     https://github.com/ocmod-space/ocmod-oc-fixes
@link     https://github.com/ocmod-space/ocmod-oc-fixes
@licence  https://github.com/ocmod-space/ocmod-oc-fixes/blob/main/LICENSE.txt
-->

<modification>
	<name>!ocmod.space: ocfix|skip-vendor</name>
	<code>ocfix--skip-vendor</code>
	<version>1.0.0</version>
	<author>Andrii Burkatskyi</author>
	<link>https://www.opencart.com/index.php?route=marketplace/extension&amp;filter_member=ocmod.space</link>

	<file path="system/startup.php">
		<operation error="log">
  			<search>
				<![CDATA[is_file(DIR_SYSTEM . '../../vendor/autoload.php')]]>
			</search>
			<add position="replace">
				<![CDATA[0 && is_file(DIR_SYSTEM . '../../vendor/autoload.php')]]>
			</add>
		</operation>
	</file>
</modification>
