<?xml version="1.0" encoding="utf-8"?>

<!--
@name     OpenCart
@package  Aux|Account Logout
@author   Andrii Burkatskyi, ocmod.space@gmail.com
@version  1.0.0
@link     https://github.com/ocmod-space/ocmod-aux
@link     https://www.opencart.com/index.php?route=marketplace/extension&amp;filter_member=ocmod.space
@link     https://github.com/ocmod-space/ocmod-aux
@licence  https://github.com/ocmod-space/ocmod-aux/blob/main/LICENSE.txt
-->

<modification>
    <name>/ocmod.space/aux/account_logout</name>
    <code>aux--account-logout</code>
    <version>1.0.0</version>
    <author>Andrii Burkatskyi</author>
    <link>https://www.opencart.com/index.php?route=marketplace/extension&amp;filter_member=ocmod.space</link>

    <file path="catalog/controller/account/logout.php">
        <operation error="log" info="3.x">
            <search info=""><![CDATA[$this->load->language('account/logout');]]></search>
            <add position="before"><![CDATA[$this->response->redirect($this->url->link('common/home', '', true));]]>
            </add>
        </operation>
    </file>
</modification>
