<?xml version="1.0" encoding="utf-8"?>

<!--
@name     aux/no_zero_date
@author   Andrii Burkatskyi, ocmod.space@gmail.com
@version  1.0.0
@link     https://github.com/ocmod-space/ocmod-aux
@link     https://github.com/ocmod-space/ocmod-aux
@licence  https://github.com/ocmod-space/ocmod-aux/blob/main/LICENSE.txt
-->

<modification>
	<name>!/ocmod.space/aux/no_zero_date</name>
	<code>aux--no-zero-date</code>
	<version>1.0.0</version>
	<author>Andrii Burkatskyi</author>
	<link>https://www.opencart.com/index.php?route=marketplace/extension&amp;filter_member=ocmod.space</link>

	<file path="system/library/db/mysqli.php" error="log">
		<operation error="log">
			<ignoreif regex="false" info="">
        <![CDATA[NO_ZERO_IN_DATE,NO_ENGINE_SUBSTITUTION]]>
      </ignoreif>
			<search>
				<![CDATA[NO_ZERO_DATE,]]>
			</search>
			<add position="replace">
				<![CDATA[]]>
			</add>
		</operation>
	</file>
</modification>
