<?xml version="1.0" encoding="utf-8"?>

<!--
@name     aux/order_invoice/chrome
@author   Andrii Burkatskyi, ocmod.space@gmail.com
@version  1.0.0
@link     https://github.com/ocmod-space/ocmod-aux
@link     https://www.opencart.com/index.php?route=marketplace/extension&amp;filter_member=ocmod.space
@link     https://github.com/ocmod-space/ocmod-aux
@licence  https://github.com/ocmod-space/ocmod-aux/blob/main/LICENSE.txt
-->

<modification>
	<name>!/ocmod.space/aux/order_invoice/chrome</name>
	<code>aux--order-invoice--chrome</code>
	<version>1.0.0</version>
	<author>Andrii Burkatskyi</author>
	<link>https://www.opencart.com/index.php?route=marketplace/extension&amp;filter_member=ocmod.space</link>

	<file path="admin/view/template/sale/order_invoice.t*">
		<operation error="log">
  			<search>
				<![CDATA[always;]]>
			</search>
			<add position="replace">
				<![CDATA[avoid;]]>
			</add>
		</operation>
	</file>
</modification>
