<?xml version="1.0" encoding="UTF-8"?>

<!--
@name     Ocfix|Twig Open Basedir Restriction
@author   Andrii Burkatskyi, ocmod.space@gmail.com
@version  1.0.0
@link     https://github.com/ocmod-space/ocmod-oc-fixes
@link     https://github.com/ocmod-space/ocmod-oc-fixes
@licence  https://github.com/ocmod-space/ocmod-oc-fixes/blob/main/LICENSE.txt
-->

<modification>
	<name>!ocmod.space: ocfix|twig-open-basedir-restriction</name>
	<code>ocfix--twig-open-basedir-restriction</code>
	<version>1.0.0</version>
	<author>Andrii Burkatskyi</author>
	<link>https://www.opencart.com/index.php?route=marketplace/extension&amp;filter_member=ocmod.space</link>

	<file path="system/storage/vendor/twig/twig/src/Loader/FilesystemLoader.php" error="log">
		<operation error="log">
			<search>
				<![CDATA[$this->isAbsolutePath($path) ? $path : $this->rootPath.$path;]]>
			</search>
			<add position="replace"><![CDATA[$this->rootPath.$path;  /// ocfix|twig-open-basedir-restriction]]></add>
		</operation>
	</file>

</modification>
