<?xml version="1.0" encoding="UTF-8"?>

<!--
@name     aux/twig
@author   Andrii Burkatskyi, ocmod.space@gmail.com
@version  1.0.0
@link     https://github.com/ocmod-space/ocmod-aux
@link     https://github.com/ocmod-space/ocmod-aux
@licence  https://github.com/ocmod-space/ocmod-aux/blob/main/LICENSE.txt
-->

<modification>
	<name>!/ocmod.space/aux/twig</name>
	<code>aux--twig</code>
	<version>1.0.0</version>
	<author>Andrii Burkatskyi</author>
	<link>https://www.opencart.com/index.php?route=marketplace/extension&amp;filter_member=ocmod.space</link>

	<file path="system/library/template/twig.php" error="skip">
		<operation error="log">
			<search><![CDATA[
				$loader = new \Twig\Loader\ArrayLoader(array($filename . '.twig' => $code));]]></search>
			<add position="replace"><![CDATA[
			/// <<< /ocmod.space/aux/twig
			if (strcmp(substr(VERSION, 0, 7), '3.0.3.5') == 0 || strcmp(substr(VERSION, 0, 7), '3.0.3.6') == 0) {
				$loader_array = new \Twig_Loader_Array(array($filename . '.twig' => $code));
				$loader_filesystem = new \Twig_Loader_Filesystem(DIR_TEMPLATE);
				$loader = new \Twig_Loader_Chain(array($loader_array, $loader_filesystem));
			} elseif (strcmp(substr(VERSION, 0, 7), '3.0.3.7') >= 0 && strcmp(substr(VERSION, 0, 7), '4') < 0) {
				$loader_array = new \Twig\Loader\ArrayLoader(array($filename . '.twig' => $code));
				$loader_filesystem = new \Twig\Loader\FilesystemLoader(DIR_TEMPLATE);
				$loader = new \Twig\Loader\ChainLoader(array($loader_array, $loader_filesystem));
			} else {
				$loader = new \Twig\Loader\ArrayLoader(array($filename . '.twig' => $code));
			}
			/// >>> /ocmod.space/aux/twig]]></add>
		</operation>
	</file>

</modification>
