<?xml version="1.0" encoding="utf-8"?>

<!--
@name     Ocfix|Php8x
@author   Andrii Burkatskyi, ocmod.space@gmail.com
@version  1.0.0
@link     https://www.opencart.com/index.php?route=marketplace/extension&filter_member=ocmod.space
@link     https://github.com/ocmod-space/ocmod-ocfix
@licence  https://raw.githubusercontent.com/ocmod-space/ocmod-fix/main/LICENSE.txt
-->

<modification>
	<name>!ocmod.space: ocfix|php8x</name>
	<code>ocfix--php8x</code>
	<version>1.0.0</version>
	<author>Andrii Burkatskyi</author>
	<link>https://www.opencart.com/index.php?route=marketplace/extension&amp;filter_member=ocmod.space</link>

	<file path="system/engine/action.php">
		<operation error="log">
			<search>
				<![CDATA[preg_replace('/[^a-zA-Z0-9]/', '', $this->route)]]>
			</search>
			<add position="replace">
				<![CDATA[preg_replace('/[^a-zA-Z0-9]/', '', ($this->route ?? ''))]]>
			</add>
		</operation>
	</file>
</modification>
