<?xml version="1.0" encoding="UTF-8"?>

<!--
@name     aux/twig/open_basedir
@author   Andrii Burkatskyi, ocmod.space@gmail.com
@version  1.0.0
@link     https://github.com/ocmod-space/ocmod-aux
@link     https://www.opencart.com/index.php?route=marketplace/extension&amp;filter_member=ocmod.space
@link     https://github.com/ocmod-space/ocmod-aux
@licence  https://github.com/ocmod-space/ocmod-aux/blob/main/LICENSE.txt
-->

<modification>
	<name>!/ocmod.space/aux/twig/open_basedir</name>
	<code>aux--twig--open-basedir</code>
	<version>1.0.0</version>
	<author>Andrii Burkatskyi</author>
	<link>https://www.opencart.com/index.php?route=marketplace/extension&amp;filter_member=ocmod.space</link>

	<file path="system/storage/vendor/twig/twig/src/Loader/FilesystemLoader.php" error="log">
		<operation error="log">
			<search>
				<![CDATA[$this->isAbsolutePath($path) ? $path : $this->rootPath.$path;]]>
			</search>
			<add position="replace"><![CDATA[$this->rootPath.$path;  /// /ocmod.space/aux/twig/open_basedir]]></add>
		</operation>
	</file>

</modification>
