<?xml version="1.0" encoding="utf-8"?>

<!--
@name     Oc Fixes|Storage Dir
@author   Andrii Burkatskyi, ocmod.space@gmail.com
@version  1.0.0
@link     https://github.com/ocmod-space/ocmod-oc-fixes
@link     https://github.com/ocmod-space/ocmod-oc-fixes
@licence  https://github.com/ocmod-space/ocmod-oc-fixes/blob/main/LICENSE.txt
-->

<modification>
	<name>!ocmod.space: oc-fixes|storage-dir</name>
	<code>oc-fixes--storage-dir</code>
	<version>1.0.0</version>
	<author>Andrii Burkatskyi</author>
	<link>https://www.opencart.com/index.php?route=marketplace/extension&amp;filter_member=ocmod.space</link>

	<file path="admin/controller/common/dashboard.php">
		<operation error="log">
  			<search>
				<![CDATA[$data['security'] = $this->load->controller('common/security');]]>
			</search>
			<add position="replace">
				<![CDATA[$data['security'] = '';]]>
			</add>
		</operation>
	</file>
</modification>
