<?xml version="1.0" encoding="utf-8"?>

<!--
@name     Ocfix|Hide Shipping Price
@author   Andrii Burkatskyi, ocmod.space@gmail.com
@version  1.0.0
@link     https://github.com/ocmod-space/ocmod-ocfix
@link     https://github.com/ocmod-space/ocmod-ocfix
@licence  https://github.com/ocmod-space/ocmod-ocfix/blob/main/LICENSE.txt
-->

<modification>
	<name>!ocmod.space: ocfix|hide-shipping-price</name>
	<code>ocfix--hide-shipping-price</code>
	<version>1.0.0</version>
	<author>Andrii Burkatskyi</author>
	<link>https://github.com/ocmod-space/ocmod-ocfix</link>

	<file path="catalog/view/theme/*/template/checkout/shipping_method.twig">
		<operation error="log">
  			<search>
				<![CDATA[ - {{ quote.text }}]]>
			</search>
			<add position="replace">
				<![CDATA[]]>
			</add>
		</operation>
	</file>
</modification>
